Textos_espanol,sdg
Es esencial mejorar la atención médica en comunidades rurales,5
La educación inclusiva y equitativa es clave para el futuro,5
La igualdad de género es fundamental para el progreso de las sociedades,3
La educación de calidad es clave para el desarrollo social,5
Es importante reducir la mortalidad infantil con acceso a atención médica,4
Debemos garantizar que las mujeres tengan acceso a educación,3
"La atención médica debe ser accesible para todos, sin importar su ubicación",4
Las escuelas deben estar preparadas para la educación inclusiva,5
Es crucial erradicar la violencia contra las mujeres,3
El acceso universal a la salud es un derecho,4
Debemos mejorar las instalaciones sanitarias en las escuelas,5
Es importante promover la salud y el bienestar de todos los ciudadanos,4
El embarazo adolescente debe reducirse con acceso a educación sexual,3
Se deben reducir las desigualdades de género en la educación,3
La nutrición adecuada es esencial para el desarrollo infantil,5
La atención médica prenatal debe ser una prioridad,4
Es vital promover la educación igualitaria en todas las regiones,5
Es fundamental ofrecer acceso a servicios de salud mental,3
El acceso a métodos anticonceptivos debe ser garantizado para todas las mujeres,3
La educación temprana debe ser una prioridad para las niñas,3
